{"cameraMode":{"drawMode":0,"name":"Shaded","section":"Shading Mode"},"sceneLighting":false,"audioPlay":false,"sceneViewState":{"showFog":true,"showMaterialUpdate":true,"showSkybox":true,"showFlares":true,"showImageEffects":true,"showParticleSystems":true},"in2DMode":false,"pivot":{"x":-7.495419502258301,"y":5.297094345092773,"z":0.0},"rotation":{"x":-0.2772178649902344,"y":0.09466572850942612,"z":-0.027454765513539316,"w":-0.9557378888130188},"size":20.784198760986329,"orthographic":false}