{"cameraMode":{"drawMode":0,"name":"Shaded","section":"Shading Mode"},"sceneLighting":false,"audioPlay":false,"sceneViewState":{"showFog":true,"showMaterialUpdate":true,"showSkybox":true,"showFlares":true,"showImageEffects":true,"showParticleSystems":true},"in2DMode":false,"pivot":{"x":0.0,"y":5.430000305175781,"z":10.34000015258789},"rotation":{"x":-0.015533894300460816,"y":-0.9755266904830933,"z":0.2067120522260666,"w":-0.07332558184862137},"size":20.784196853637697,"orthographic":false}