{"cameraMode":{"drawMode":0,"name":"Shaded","section":"Shading Mode"},"sceneLighting":false,"audioPlay":false,"sceneViewState":{"showFog":true,"showMaterialUpdate":true,"showSkybox":true,"showFlares":true,"showImageEffects":true,"showParticleSystems":true},"in2DMode":false,"pivot":{"x":4.76837158203125e-7,"y":0.0247805118560791,"z":0.0},"rotation":{"x":0.002193754306063056,"y":-0.9965870380401611,"z":-0.07758098840713501,"w":-0.028118278831243516},"size":14.788939476013184,"orthographic":false}