{"cameraMode":{"drawMode":0,"name":"Shaded","section":"Shading Mode"},"sceneLighting":true,"audioPlay":false,"sceneViewState":{"showFog":true,"showMaterialUpdate":true,"showSkybox":true,"showFlares":true,"showImageEffects":true,"showParticleSystems":true},"in2DMode":false,"pivot":{"x":7.500000476837158,"y":0.0247805118560791,"z":1592.0},"rotation":{"x":0.5014716386795044,"y":0.1910560429096222,"z":-0.11460988968610764,"w":0.8359954953193665},"size":14.788939476013184,"orthographic":false}