{"cameraMode":{"drawMode":0,"name":"Shaded","section":"Shading Mode"},"sceneLighting":true,"audioPlay":false,"sceneViewState":{"showFog":false,"showMaterialUpdate":false,"showSkybox":false,"showFlares":false,"showImageEffects":false,"showParticleSystems":false},"in2DMode":false,"pivot":{"x":-7.450000286102295,"y":3.4730632305145265,"z":-0.820000410079956},"rotation":{"x":-0.14675582945346833,"y":-0.19651420414447785,"z":0.02976810559630394,"w":-0.9689988493919373},"size":45.29769515991211,"orthographic":false}